<?xml version="1.0" encoding="UTF-8" standalone="no"?><library>
  <book>
    <title>The Great Gatsby</title>
    <author>F. Scott Fitzgerald</author>
    <year>2023</year>
    <genre>Fiction</genre>
  </book>
  <book>
    <title>To Kill a Mockingbird</title>
    <author>Harper Lee</author>
    <year>1960</year>
    <genre>Fiction</genre>
  </book>
  <book>
    <title>1984</title>
    <author>George Orwell</author>
    <year>1949</year>
    <genre>Dystopian</genre>
  </book>
</library>